bbl,n,created,latitude,longitude
1000220013,2,2019-09-02T19:21:01Z,40.705679964399216,-74.01330172836009
1000327501,1,2020-01-11T12:45:29Z,40.703597040981926,-74.00978122562515
1000327501,1,2020-01-11T11:10:56Z,40.703597040981926,-74.00978122562515
1000400003,1,2019-09-30T17:10:36Z,40.70591371596806,-74.00860936465871
1002390011,2,2019-11-14T15:46:01Z,40.718254415741356,-73.995923593053
1002470001,32,2020-01-11T19:02:38Z,40.71130148733445,-73.98904895523961
1002560001,1,2019-07-06T14:36:07Z,40.71171038930049,-73.98835993470301
1002560001,1,2019-07-06T14:24:56Z,40.71171038930049,-73.98835993470301
1004160069,58,2018-12-30T12:55:22Z,40.720389420835545,-73.9893793570614
1004350057,1,2018-12-28T00:50:22Z,40.72681719985243,-73.98533748091528
1004350057,1,2018-12-28T00:33:40Z,40.72681719985243,-73.98533748091528
1004400053,2,2019-11-02T19:47:42Z,40.729635686807,-73.98262360267323
1004540029,4,2019-03-19T00:21:19Z,40.73121417767595,-73.98441643734971
1004540029,4,2019-03-18T23:48:06Z,40.73121417767595,-73.98441643734971
1005330001,1,2019-10-21T18:07:27Z,40.72911272257353,-73.99750685293887
1005330001,1,2019-10-21T17:23:21Z,40.72911272257353,-73.99750685293887
1005660018,4,2019-12-11T00:15:26Z,40.7323788920573,-73.99482944304215
1005660018,4,2019-12-10T23:12:02Z,40.7323788920573,-73.99482944304215
1005810001,1,2019-08-15T18:50:52Z,40.728368795904856,-74.0053614691402
1005810001,1,2019-08-15T18:40:22Z,40.728368795904856,-74.0053614691402
1008580026,1,2019-09-14T16:23:21Z,40.74387859101867,-73.98536981431363
1008600074,1,2020-01-28T03:51:21Z,40.74621160695459,-73.98520329010798
1008730019,3,2020-02-11T06:05:39Z,40.73633068167806,-73.98666689384287
1008730019,3,2020-02-11T05:25:48Z,40.73633068167806,-73.98666689384287
1008747501,1,2019-03-03T19:51:08Z,40.73617418196628,-73.98625195800895
1008747501,1,2019-03-03T19:50:57Z,40.73617418196628,-73.98625195800895
1009340001,2,2019-12-16T10:16:11Z,40.740485093313495,-73.97899769504247
1009340001,2,2019-12-16T09:54:37Z,40.740485093313495,-73.97899769504247
1009340001,2,2019-04-05T08:26:21Z,40.74015576568505,-73.97923235952365
1009340001,2,2019-04-05T07:28:40Z,40.74015576568505,-73.97923235952365
1009880001,1,2019-12-10T18:25:28Z,40.72735296503293,-73.97310647215647
1010130042,2,2019-04-22T09:03:04Z,40.755730743717706,-73.9882692245662
1010370003,1,2020-01-10T18:37:39Z,40.76118750953095,-73.99060378152298
1010420059,2,2019-03-04T17:12:00Z,40.764393045699876,-73.98724247624254
1010420059,2,2019-03-04T16:40:39Z,40.764393045699876,-73.98724247624254
1010520001,1,2019-06-09T23:52:31Z,40.7593020185164,-73.99263628771575
1010570029,2,2019-05-20T19:46:25Z,40.761794108568196,-73.9907372584727
1010570029,2,2019-05-20T19:16:57Z,40.761794108568196,-73.9907372584727
1010799029,64,2019-02-28T06:55:31Z,40.76509334779488,-73.99150211470403
1010907502,5,2019-11-30T11:54:14Z,40.760960070729254,-73.99861746470174
1011970064,22,2019-04-08T12:07:30Z,40.78487464580821,-73.97333962285963
1011970064,22,2019-04-08T11:32:50Z,40.78487464580821,-73.97333962285963
1011970064,22,2019-04-08T11:27:12Z,40.78487464580821,-73.97333962285963
1012160001,3,2019-10-17T21:42:43Z,40.78662606928596,-73.97459559980331
1012470057,1,2019-08-30T06:14:38Z,40.789712248393826,-73.98020640067669
1012470057,1,2019-08-30T05:53:30Z,40.789712248393826,-73.98020640067669
1013330023,116,2019-05-22T14:31:41Z,40.74805342434091,-73.97118531720243
1013460025,1,2019-11-11T13:46:51Z,40.75595098801416,-73.96465595827033
1013670001,1,2019-12-24T14:44:21Z,40.75748755032597,-73.96307776310553
1013670001,1,2019-12-24T14:33:48Z,40.75748755032597,-73.96307776310553
1014400030,2,2019-07-09T18:40:52Z,40.76385119538783,-73.95889756972812
1014400030,2,2019-07-09T17:31:50Z,40.76385119538783,-73.95889756972812
1014440130,2,2019-02-27T03:08:26Z,40.76674916451531,-73.95757810682105
1014440130,2,2019-02-27T02:41:09Z,40.76674916451531,-73.95757810682105
1014640105,37,2019-12-25T19:09:17Z,40.76567847853715,-73.95693981722088
1014640105,37,2019-12-25T17:11:52Z,40.76567847853715,-73.95693981722088
1014640105,37,2019-12-25T17:07:59Z,40.76567847853715,-73.95693981722088
1014640105,37,2019-12-25T17:01:44Z,40.76567847853715,-73.95693981722088
1014710021,1,2019-03-25T11:22:13Z,40.769538293513534,-73.95179998108699
1015290043,1,2019-06-29T18:23:15Z,40.77732898036904,-73.95455287132036
1015290043,1,2019-06-29T18:08:43Z,40.77732898036904,-73.95455287132036
1015510053,2,2019-04-17T15:36:37Z,40.7795231139258,-73.950532598371
1015510053,2,2019-04-17T15:00:41Z,40.7795231139258,-73.950532598371
1015510053,2,2019-04-17T14:10:47Z,40.7795231139258,-73.950532598371
1015510053,2,2019-04-17T13:54:38Z,40.7795231139258,-73.950532598371
1015590019,1,2019-06-17T18:42:58Z,40.77198935743497,-73.95182708987073
1015710003,1,2019-05-10T10:18:28Z,40.78025434163796,-73.94689959102253
1015710003,1,2019-05-10T09:49:30Z,40.78025434163796,-73.94689959102253
1016160001,87,2019-05-01T21:37:08Z,40.79715186811168,-73.94901341309001
1016160001,87,2019-05-01T21:31:33Z,40.79715186811168,-73.94901341309001
1016467501,8,2020-01-21T07:02:33Z,40.78469039089141,-73.94812380677527
1016467501,8,2020-01-21T06:43:58Z,40.78469039089141,-73.94812380677527
1016467501,8,2019-02-22T17:42:02Z,40.78469039089141,-73.94812380677527
1016467501,8,2019-02-22T17:11:58Z,40.78469039089141,-73.94812380677527
1016490001,1,2019-07-27T09:43:37Z,40.78865270026078,-73.94576618128099
1016490001,1,2019-07-27T09:34:19Z,40.78865270026078,-73.94576618128099
1016490001,1,2019-04-12T17:55:18Z,40.786443443117626,-73.94630603997567
1016490001,1,2019-04-12T17:45:17Z,40.786443443117626,-73.94630603997567
1016780001,10,2019-12-29T05:50:32Z,40.79136260379505,-73.94188532807934
1016960001,2,2019-10-20T22:04:57Z,40.788289762952104,-73.93900985572489
1017280050,1,2019-10-18T21:07:35Z,40.810632637003756,-73.94052105914726
1017280050,1,2019-10-18T19:38:59Z,40.810632637003756,-73.94052105914726
1017630001,5,2019-06-15T14:00:35Z,40.81494492573094,-73.93601219099783
1017630001,5,2019-06-15T13:42:17Z,40.81494492573094,-73.93601219099783
1017830005,4,2019-06-14T22:08:36Z,40.799065348498914,-73.93858462371593
1017870070,4,2019-05-27T20:06:49Z,40.800808982851855,-73.93491692166931
1017870070,4,2019-05-27T20:02:36Z,40.800808982851855,-73.93491692166931
1018070012,1,2019-07-29T16:24:20Z,40.797676358409795,-73.93335971064758
1018070012,1,2019-07-29T15:18:28Z,40.797676358409795,-73.93335971064758
1018650001,23,2019-04-14T15:15:57Z,40.80395044876172,-73.96313506826158
1018650001,23,2019-04-14T14:26:06Z,40.80395044876172,-73.96313506826158
1018730010,5,2019-02-20T18:59:57Z,40.797955134606326,-73.96970456640845
1018730010,5,2019-02-20T18:48:32Z,40.797955134606326,-73.96970456640845
1018730010,5,2019-02-20T18:16:07Z,40.797955134606326,-73.96970456640845
1018730010,5,2019-02-20T18:00:23Z,40.797955134606326,-73.96970456640845
1018870031,12,2019-05-12T10:43:33Z,40.79608682044335,-73.97311482147363
1018870031,12,2019-05-12T10:28:39Z,40.79608682044335,-73.97311482147363
1018930025,3,2019-02-23T21:09:45Z,40.803888751251314,-73.9679211098417
1018930025,3,2019-02-23T21:07:12Z,40.803888751251314,-73.9679211098417
1019470064,30,2020-01-24T08:55:28Z,40.80843836865045,-73.95613911536594
1019470064,30,2020-01-24T08:22:11Z,40.80843836865045,-73.95613911536594
1019580001,146,2020-02-01T09:52:30Z,40.814224280192775,-73.94952055422276
1020070002,3,2019-04-10T10:17:10Z,40.817338848190325,-73.94220586125563
1020110036,2,2019-07-12T07:50:01Z,40.8191999678863,-73.9373340386096
1020110036,2,2019-07-12T07:42:18Z,40.8191999678863,-73.9373340386096
1020110038,13,2019-04-05T15:42:04Z,40.819529759367626,-73.93812134693735
1020160050,65,2019-03-26T14:36:05Z,40.82210872382177,-73.93615705140347
1020160050,65,2019-03-26T13:58:49Z,40.82210872382177,-73.93615705140347
1020310054,18,2019-03-09T08:03:40Z,40.822928753087524,-73.94007649464943
1020360038,54,2019-06-20T07:18:20Z,40.825550854307494,-73.93661985907333
1020440002,6,2020-02-21T08:56:42Z,40.82217040210558,-73.94392510127011
1020440002,6,2020-02-21T07:39:40Z,40.82217040210558,-73.94392510127011
1020440002,6,2020-02-21T07:27:46Z,40.82217040210558,-73.94392510127011
1020460032,10,2020-01-05T01:05:53Z,40.82697385084498,-73.93890574461
1020510054,17,2018-12-31T15:50:00Z,40.823822898110365,-73.94428863824933
1020510054,17,2018-12-31T15:25:01Z,40.823822898110365,-73.94428863824933
1020660019,4,2020-01-01T06:56:34Z,40.82844707979879,-73.94292973597275
1020660019,4,2020-01-01T06:24:57Z,40.82844707979879,-73.94292973597275
1020740042,3,2019-09-13T20:04:11Z,40.82420118397107,-73.94918057275287
1020740042,3,2019-09-13T19:22:58Z,40.82420118397107,-73.94918057275287
1021060003,1,2019-02-25T05:49:14Z,40.829500727256395,-73.93703525936526
1021060003,1,2019-02-25T05:39:32Z,40.829500727256395,-73.93703525936526
1021060320,1,2019-11-12T18:27:25Z,40.832546472789794,-73.93543153557164
1021090024,3,2019-08-31T19:32:42Z,40.834407037585365,-73.93986017339185
1021090024,3,2019-08-31T18:48:26Z,40.834407037585365,-73.93986017339185
1021330060,11,2019-01-01T22:39:25Z,40.846646035234066,-73.93541062078134
1021330060,11,2019-01-01T22:03:39Z,40.846646035234066,-73.93541062078134
1021330066,3,2019-08-06T10:12:57Z,40.84731007119749,-73.93508467644267
1021370080,86,2019-11-23T06:56:22Z,40.83788586391807,-73.94236148033954
1021490265,1,2019-11-04T11:50:14Z,40.85746338224337,-73.92699164532567
1021490265,1,2019-11-04T10:32:42Z,40.85746338224337,-73.92699164532567
1021490265,1,2019-11-04T10:17:33Z,40.85746338224337,-73.92699164532567
1021530001,94,2019-09-20T21:42:33Z,40.8470512109301,-73.9335777135988
1021530001,94,2019-09-20T20:47:24Z,40.8470512109301,-73.9335777135988
1021730015,15,2019-11-30T16:52:16Z,40.86014733262925,-73.92641389208852
1021730015,15,2019-11-30T16:17:55Z,40.86014733262925,-73.92641389208852
1021730029,31,2019-09-23T08:52:40Z,40.86102771196079,-73.92537174456375
1021730029,31,2019-06-14T03:53:50Z,40.860934438978454,-73.92544415283719
1021730029,31,2019-05-23T17:20:00Z,40.86102771196079,-73.92537174456375
1021730029,31,2019-05-23T17:06:07Z,40.86102771196079,-73.92537174456375
1021730029,31,2019-04-10T12:46:26Z,40.861118713007855,-73.92603322228999
1021730029,31,2019-04-10T12:12:08Z,40.861118713007855,-73.92603322228999
1021740111,1,2020-02-20T23:12:21Z,40.86131551338208,-73.92910230908328
1021740224,7,2019-04-06T07:17:42Z,40.861870783321926,-73.9260685381408
1021740224,7,2019-04-06T06:17:15Z,40.861870783321926,-73.9260685381408
1021750027,6,2019-05-03T20:17:33Z,40.86423008742853,-73.92862197440645
1021750027,6,2019-05-03T19:52:26Z,40.86423008742853,-73.92862197440645
1021760074,2,2019-03-08T17:06:25Z,40.847608241506336,-73.93825787762218
1021760074,2,2019-03-08T16:33:23Z,40.847608241506336,-73.93825787762218
1021760074,2,2019-03-08T16:16:57Z,40.847608241506336,-73.93825787762218
1021790274,15,2019-05-12T20:15:54Z,40.85490104440248,-73.93848968798046
1021790365,1,2019-12-25T03:49:01Z,40.85669258153556,-73.93709266062606
1022170009,2,2019-07-16T15:13:07Z,40.86290998383816,-73.92446219508484
1022180001,8,2019-12-26T23:29:33Z,40.86326310115701,-73.92302651709883
1022180001,8,2019-12-26T22:35:07Z,40.86326310115701,-73.92302651709883
1022180001,8,2019-12-26T22:16:18Z,40.86326310115701,-73.92302651709883
1022250004,21,2019-08-19T15:29:50Z,40.86568149577853,-73.92350095571744
1022390021,1,2019-12-19T05:59:13Z,40.86769641970744,-73.92397950565974
1022390021,1,2019-12-19T05:35:37Z,40.86769641970744,-73.92397950565974
2022830053,41,2019-12-10T01:51:38Z,40.80768577085499,-73.91950740093422
2022840062,22,2020-02-01T20:26:22Z,40.808637557936,-73.91860677721063
2022930058,5,2020-01-16T17:55:46Z,40.814674468486714,-73.91653656075259
2022930058,5,2020-01-16T17:46:24Z,40.814674468486714,-73.91653656075259
2023810045,11,2019-05-19T09:37:08Z,40.822617646829436,-73.91277258794514
2024160001,1,2019-07-10T21:08:46Z,40.823066704846745,-73.91881675485497
2024160001,1,2019-07-10T20:05:12Z,40.823066704846745,-73.91881675485497
2024340044,30,2019-04-11T02:59:15Z,40.83005414475582,-73.91418655907765
2024520035,2,2019-08-05T11:16:31Z,40.83224062771363,-73.91648922965125
2024520035,2,2019-08-05T10:48:04Z,40.83224062771363,-73.91648922965125
2024520035,2,2019-08-05T10:10:32Z,40.83224062771363,-73.91648922965125
2024520035,2,2019-08-05T09:48:03Z,40.83224062771363,-73.91648922965125
2024520035,2,2019-08-05T09:35:54Z,40.83224062771363,-73.91648922965125
2024560251,6,2018-12-29T03:33:23Z,40.83239741025811,-73.91695157752036
2024560251,6,2018-12-29T02:53:09Z,40.83239741025811,-73.91695157752036
2024590030,1,2019-11-18T22:33:24Z,40.82627536296195,-73.92293922582886
2024590030,1,2019-11-18T22:15:11Z,40.82627536296195,-73.92293922582886
2025040075,9,2020-01-25T01:36:21Z,40.8322753150208,-73.92717105659786
2025040075,9,2020-01-25T01:29:11Z,40.8322753150208,-73.92717105659786
2025050006,57,2019-04-21T14:00:52Z,40.83417098383823,-73.92571626362835
2025050006,57,2019-04-21T13:51:39Z,40.83417098383823,-73.92571626362835
2025050046,29,2019-03-23T22:09:01Z,40.835238144879284,-73.92489474312427
2025050046,29,2019-03-23T21:58:02Z,40.835238144879284,-73.92489474312427
2025060033,105,2019-10-30T10:59:26Z,40.83803391164006,-73.9232327902938
2025070024,28,2019-08-28T18:49:23Z,40.831762308816316,-73.92757634080255
2025220098,28,2019-09-03T08:32:18Z,40.84318829644202,-73.92296300439696
2025220098,28,2019-09-03T08:17:37Z,40.84318829644202,-73.92296300439696
2025240021,7,2019-07-26T05:26:20Z,40.83100929656087,-73.93047523099517
2025240021,7,2019-07-26T04:56:02Z,40.83100929656087,-73.93047523099517
2025240021,7,2019-07-26T04:20:43Z,40.83100929656087,-73.93047523099517
2025240021,7,2019-07-26T04:01:02Z,40.83100929656087,-73.93047523099517
2025240021,7,2019-07-26T03:44:36Z,40.83100929656087,-73.93047523099517
2025780006,6,2019-12-22T18:45:28Z,40.81030827404408,-73.91011190899562
2026030026,10,2019-05-01T04:24:21Z,40.81267529104657,-73.90134464214002
2026030026,10,2019-05-01T03:44:06Z,40.81267529104657,-73.90134464214002
2026050040,1,2019-03-23T17:34:33Z,40.788969823099876,-73.88443205978199
2026230049,48,2019-03-25T02:42:40Z,40.81461238543977,-73.91060825606351
2026230049,48,2019-03-25T02:33:26Z,40.81461238543977,-73.91060825606351
2026330031,4,2019-06-28T07:09:24Z,40.82631923319608,-73.90453302399918
2026330031,4,2019-06-28T06:35:41Z,40.82631923319608,-73.90453302399918
2026390001,1,2019-07-30T18:42:48Z,40.82417629946951,-73.90537074396869
2026390001,1,2019-07-30T18:15:31Z,40.82417629946951,-73.90537074396869
2026530042,2,2019-02-28T00:49:51Z,40.814169407972386,-73.90580765151535
2027030014,6,2019-03-31T04:09:29Z,40.82098755443284,-73.89650533590704
2027030014,6,2019-03-31T03:55:24Z,40.82098755443284,-73.89650533590704
2027030053,15,2019-03-27T20:03:26Z,40.82100391565176,-73.89638608105489
2027030053,15,2019-03-27T19:38:53Z,40.82100391565176,-73.89638608105489
2027200005,1,2019-09-27T21:35:45Z,40.81468260085312,-73.89923186786936
2027200005,1,2019-09-27T21:16:50Z,40.81468260085312,-73.89923186786936
2027200005,1,2019-03-18T14:42:26Z,40.81468260085312,-73.89923186786936
2027430030,5,2019-03-14T21:59:00Z,40.824294910033046,-73.89052758692546
2027430030,5,2019-03-14T21:42:40Z,40.824294910033046,-73.89052758692546
2027650226,13,2019-11-25T08:09:20Z,40.812586156401174,-73.887906068052
2027650226,13,2019-11-25T07:45:09Z,40.812586156401174,-73.887906068052
2027900010,7,2019-08-20T04:28:58Z,40.8432168005428,-73.90588940580105
2028030002,3,2019-10-16T08:12:15Z,40.8475735505703,-73.9036531230919
2028030002,3,2019-10-16T07:48:30Z,40.8475735505703,-73.9036531230919
2028070015,1,2020-01-15T07:29:01Z,40.851660368541374,-73.9069365594889
2028070015,1,2020-01-15T06:36:54Z,40.851660368541374,-73.9069365594889
2028070015,1,2020-01-15T06:32:38Z,40.851660368541374,-73.9069365594889
2028080012,10,2020-01-06T23:06:52Z,40.850374488721584,-73.90526841005268
2028080012,10,2020-01-06T22:33:53Z,40.850374488721584,-73.90526841005268
2028130003,5,2019-12-27T04:55:50Z,40.85178431590223,-73.90411693266068
2028130003,5,2019-12-27T04:32:07Z,40.85178431590223,-73.90411693266068
2028300025,2,2019-12-24T18:51:07Z,40.837521899352836,-73.9133710250439
2028300025,2,2019-12-24T18:16:45Z,40.837521899352836,-73.9133710250439
2028320030,2,2019-09-03T22:02:11Z,40.84004402224376,-73.91301717836832
2028320030,2,2019-09-03T20:39:07Z,40.84004402224376,-73.91301717836832
2028330014,5,2019-02-25T00:41:31Z,40.84020956835147,-73.91416984533421
2028330014,5,2019-02-25T00:39:48Z,40.84020956835147,-73.91416984533421
2028360012,99,2019-10-05T03:46:35Z,40.842209043174464,-73.91228428654
2028360012,99,2019-10-05T01:55:56Z,40.842209043174464,-73.91228428654
2028360012,99,2019-10-05T01:19:31Z,40.842209043174464,-73.91228428654
2028360012,99,2019-10-05T00:35:07Z,40.842209043174464,-73.91228428654
2028400008,31,2019-03-31T05:54:04Z,40.838796178585,-73.91813258838923
2028400008,31,2019-03-31T05:07:29Z,40.838796178585,-73.91813258838923
2028400022,1,2019-09-26T19:24:13Z,40.83790113882695,-73.91776145510242
2028610067,11,2019-12-12T23:22:46Z,40.84826447801015,-73.91308956214071
2028610067,11,2019-12-12T23:16:10Z,40.84826447801015,-73.91308956214071
2028650110,7,2020-01-28T17:06:48Z,40.845952483522396,-73.91550336533253
2028650110,7,2020-01-28T15:53:13Z,40.845952483522396,-73.91550336533253
2028760200,7,2019-06-01T16:32:10Z,40.84722410484452,-73.91663306838426
2028760200,7,2019-06-01T16:10:58Z,40.84722410484452,-73.91663306838426
2028790240,12,2019-09-03T06:58:33Z,40.853223896961374,-73.91644842496252
2029380014,3,2019-05-26T17:50:01Z,40.83468884770117,-73.89613710208378
2029400011,35,2019-12-24T11:38:39Z,40.837575507582976,-73.88939626268355
2029400011,35,2019-12-24T11:13:37Z,40.837575507582976,-73.88939626268355
2029520046,21,2019-07-27T10:43:19Z,40.84101005392202,-73.89035190285216
2029520046,21,2019-07-27T08:50:23Z,40.84101005392202,-73.89035190285216
2029520046,21,2019-07-27T08:47:07Z,40.84101005392202,-73.89035190285216
2029540029,13,2019-10-29T22:12:14Z,40.84255929703139,-73.88876633698771
2029620042,65,2019-04-26T00:18:40Z,40.83245506944206,-73.89660313429964
2029620042,65,2019-04-25T23:38:48Z,40.83245506944206,-73.89660313429964
2029650051,21,2019-07-21T08:16:48Z,40.83456930298257,-73.89446050915083
2030100012,17,2019-12-16T17:02:05Z,40.835117310805515,-73.88487589768442
2030410043,7,2020-01-04T22:59:07Z,40.85945325757256,-73.89196636708384
2030610036,7,2019-06-06T03:18:47Z,40.84748868217619,-73.89449061342629
2030690093,9,2019-10-13T19:19:47Z,40.847905457297124,-73.89108511814386
2030790022,1,2020-01-21T19:37:21Z,40.84726079615339,-73.89145123199211
2030790022,1,2020-01-21T19:29:00Z,40.84726079615339,-73.89145123199211
2030800019,31,2019-08-13T04:55:59Z,40.84851441552514,-73.89069736881176
2030870009,8,2020-01-30T13:38:14Z,40.85361936331332,-73.88762725728849
2030870009,8,2020-01-30T12:57:58Z,40.85361936331332,-73.88762725728849
2030870033,3,2019-12-16T21:33:11Z,40.852568002137765,-73.8874844444398
2030980001,6,2019-09-19T20:00:18Z,40.84919233267103,-73.88781184889592
2031000065,4,2019-06-09T07:29:27Z,40.85049349134621,-73.88519267330744
2031000065,4,2019-06-09T06:43:30Z,40.85049349134621,-73.88519267330744
2031010023,11,2020-01-08T14:44:14Z,40.85123186636186,-73.88524200401147
2031010023,11,2020-01-08T13:31:45Z,40.85123186636186,-73.88524200401147
2031020047,3,2019-08-13T07:41:29Z,40.85240472418132,-73.88337117091983
2031050007,1,2019-03-22T13:28:57Z,40.85486195926984,-73.88408983254885
2031140008,3,2019-07-12T12:29:12Z,40.85144291480686,-73.88222700812443
2031140052,14,2019-03-26T01:11:42Z,40.852801142406804,-73.88183421120402
2031140067,2,2018-12-27T23:45:32Z,40.85261181730948,-73.88189238323308
2031140067,2,2018-12-27T22:30:54Z,40.85261181730948,-73.88189238323308
2031140067,2,2018-12-27T22:19:12Z,40.85261181730948,-73.88189238323308
2031170023,1,2019-05-07T09:07:42Z,40.84388448342428,-73.88544262031108
2031170023,1,2019-05-07T08:49:29Z,40.843945218150076,-73.88579671309012
2031270035,2,2018-12-28T21:52:43Z,40.84311514616231,-73.88190924398607
2031270035,2,2018-12-28T20:55:33Z,40.84311514616231,-73.88190924398607
2031340009,38,2020-01-09T01:25:46Z,40.845066204759696,-73.87884806561841
2031400007,2,2019-05-21T10:16:25Z,40.84233467981817,-73.8783362136519
2031400007,2,2019-05-21T09:45:04Z,40.84233467981817,-73.8783362136519
2031430018,101,2019-06-14T13:13:28Z,40.853280947740814,-73.89859502842131
2031430018,101,2019-06-14T12:55:53Z,40.853280947740814,-73.89859502842131
2031510026,1,2019-03-06T11:00:34Z,40.85880856232911,-73.89834800600741
2031510026,1,2019-03-06T10:36:19Z,40.85880856232911,-73.89834800600741
2031520001,2,2019-10-22T20:31:51Z,40.85930236875324,-73.89807611929075
2031520001,2,2019-10-22T19:59:16Z,40.85930236875324,-73.89807611929075
2031560003,20,2020-01-11T06:33:15Z,40.85279093640049,-73.90329493588406
2031560136,2,2020-01-17T21:01:41Z,40.85356071752028,-73.90154426289172
2031570059,38,2020-01-11T07:21:14Z,40.854698525135476,-73.90009664163529
2031570059,38,2020-01-11T06:48:12Z,40.854698525135476,-73.90009664163529
2031580041,3,2020-01-19T03:26:50Z,40.856127989351926,-73.89949080279352
2031600014,135,2019-12-08T06:33:11Z,40.85368900621036,-73.90395513624917
2031630021,3,2019-07-04T18:12:11Z,40.85720992516101,-73.90009286924857
2031640001,21,2019-05-23T10:35:07Z,40.858017453095115,-73.90077128049289
2031680052,35,2019-05-05T22:23:03Z,40.864997793412606,-73.89520399133355
2031790031,8,2019-06-30T15:43:00Z,40.85571857885471,-73.90545238797914
2031960058,12,2019-05-17T07:45:44Z,40.858498590820126,-73.90500016984734
2031980042,8,2019-03-08T05:46:03Z,40.859840072561575,-73.90418123611565
2032090009,1,2020-01-21T01:42:28Z,40.85981400055992,-73.9058514592573
2032090009,1,2020-01-21T01:07:18Z,40.85981400055992,-73.9058514592573
2032090060,5,2019-05-07T19:19:44Z,40.86013720827848,-73.90503759569498
2032090060,5,2019-05-07T19:00:08Z,40.86013720827848,-73.90503759569498
2032120015,22,2019-02-25T00:57:31Z,40.86037216481708,-73.90707258998889
2032120015,22,2019-02-25T00:47:29Z,40.86037216481708,-73.90707258998889
2032130033,48,2019-03-31T09:38:07Z,40.863481111808184,-73.9027732459544
2032130033,48,2019-03-31T09:04:55Z,40.863481111808184,-73.9027732459544
2032490010,15,2020-01-03T05:54:36Z,40.87095750810845,-73.89938522584337
2032500121,12,2020-02-14T09:18:54Z,40.87276028685954,-73.89882927681202
2032500121,12,2020-02-14T09:18:08Z,40.87276028685954,-73.89882927681202
2032520117,2,2019-04-14T19:26:36Z,40.88288953136945,-73.89123755583672
2032660109,2,2019-10-19T19:18:47Z,40.8782670580823,-73.90309515581207
2032660109,2,2019-10-19T18:40:07Z,40.8782670580823,-73.90309515581207
2032820042,5,2020-02-18T00:29:11Z,40.864330833089554,-73.8893264565085
2032870001,11,2019-06-02T22:39:43Z,40.86398784745352,-73.89233499674306
2032870001,11,2019-06-02T22:04:24Z,40.86398784745352,-73.89233499674306
2032920001,15,2019-04-22T02:24:40Z,40.8691590076435,-73.88399259888972
2032920062,3,2019-09-08T02:33:13Z,40.8698710367071,-73.88514475481661
2033150054,6,2019-12-22T04:43:21Z,40.86971529901497,-73.89155197227605
2033180020,46,2019-04-25T04:31:25Z,40.869987570967304,-73.89511296707015
2033180034,7,2019-12-15T21:51:53Z,40.870008328065744,-73.89380044429569
2033560003,23,2019-06-28T10:18:26Z,40.87945607121145,-73.87511496774461
2033560003,23,2019-06-28T10:11:03Z,40.87945607121145,-73.87511496774461
2034327501,1,2019-03-03T08:33:10Z,40.80689224906887,-73.85256981283202
2034327501,1,2019-03-03T08:24:27Z,40.80689224906887,-73.85256981283202
2035940021,1,2019-07-07T17:04:43Z,40.81950026316498,-73.867358518003
2035940021,1,2019-07-07T16:48:21Z,40.81950026316498,-73.867358518003
2036270030,146,2020-02-12T13:06:11Z,40.82084016191079,-73.87264889941089
2036270030,146,2020-02-12T12:50:02Z,40.82084016191079,-73.87264889941089
2036420030,90,2019-08-26T02:25:45Z,40.82215381506686,-73.8621720769862
2036680001,9,2019-01-01T17:39:49Z,40.82462798421601,-73.86086619625645
2036880027,2,2020-01-24T16:51:35Z,40.8266475673002,-73.85163355124686
2036880027,2,2020-01-24T15:38:04Z,40.8266475673002,-73.85163355124686
2037250001,1,2019-02-27T11:06:34Z,40.825291363922815,-73.86713379261352
2037390022,2,2019-03-25T19:52:44Z,40.8270426220019,-73.87975531075101
2037390022,2,2019-03-25T19:15:23Z,40.8270426220019,-73.87975531075101
2037440029,17,2019-11-12T08:17:31Z,40.82753065876559,-73.8741211884749
2037440029,17,2019-11-12T08:06:48Z,40.82753065876559,-73.8741211884749
2037490001,210,2019-11-09T00:48:31Z,40.82972538646341,-73.8706950639468
2037490001,210,2019-11-09T00:34:49Z,40.82972538646341,-73.8706950639468
2037930039,8,2019-10-09T00:21:25Z,40.831706000888445,-73.85811228962753
2038950001,39,2020-02-21T00:17:06Z,40.83724680170865,-73.87149718589308
2038950001,39,2020-02-20T23:41:46Z,40.83724680170865,-73.87149718589308
2039200021,17,2019-04-15T11:14:09Z,40.838075499007054,-73.86648304911752
2039250025,5,2020-01-18T01:07:20Z,40.83949212679671,-73.8667910115478
2039250025,5,2020-01-18T00:46:33Z,40.83949212679671,-73.8667910115478
2039970050,1,2019-12-30T16:57:51Z,40.84220938811156,-73.85107840424845
2042570067,1,2020-01-06T14:17:34Z,40.85001815629115,-73.8668494525232
2042740064,31,2019-10-27T22:10:29Z,40.85338653049724,-73.85376084440992
2042920014,24,2019-04-24T12:58:08Z,40.85340003851743,-73.86483648294009
2043200014,12,2019-06-07T18:27:18Z,40.85585755699852,-73.86569906649564
2045060040,50,2019-03-04T05:07:49Z,40.86739623975237,-73.87046273056264
2046290050,1,2020-01-28T01:17:19Z,40.87683109300501,-73.86681022139398
2046290050,1,2020-01-28T00:55:50Z,40.87683109300501,-73.86681022139398
2046550001,18,2019-02-26T00:21:14Z,40.884867290124696,-73.86423003373268
2046550001,18,2019-02-26T00:04:12Z,40.884867290124696,-73.86423003373268
2047130001,59,2019-10-29T15:27:52Z,40.87737548218936,-73.84969785087894
2047130001,59,2019-10-29T15:18:08Z,40.87737548218936,-73.84969785087894
2048380014,12,2019-05-23T22:31:27Z,40.88652982727508,-73.8590296193796
2048380014,12,2019-05-23T22:30:17Z,40.88652982727508,-73.8590296193796
2049050001,8,2019-11-05T06:40:27Z,40.886846615974804,-73.84700015831619
2049050001,8,2019-11-05T06:15:19Z,40.886846615974804,-73.84700015831619
2049050001,8,2019-07-24T14:57:29Z,40.88644973563694,-73.84576420404044
2049050001,8,2019-04-24T07:39:41Z,40.88513774852405,-73.84574554886242
2049050001,8,2019-04-24T06:56:44Z,40.88513774852405,-73.84574554886242
2049850060,5,2019-04-20T16:07:30Z,40.892520983376016,-73.83971712329692
2049850060,5,2019-04-20T15:53:45Z,40.892520983376016,-73.83971712329692
2050470023,6,2019-07-14T20:38:13Z,40.89789978869104,-73.85359418205981
2050470023,6,2019-07-14T19:54:12Z,40.89789978869104,-73.85359418205981
2050570027,117,2019-11-20T05:06:41Z,40.89817215294371,-73.84565742389341
2050570027,117,2019-11-20T04:15:19Z,40.89817215294371,-73.84565742389341
2050870020,2,2020-01-21T03:21:02Z,40.90199349872004,-73.85039460213885
2050870020,2,2020-01-21T02:58:32Z,40.90199349872004,-73.85039460213885
2051180046,84,2019-04-06T17:49:21Z,40.904211584340246,-73.8465043727862
2051180046,84,2019-04-06T17:34:00Z,40.904211584340246,-73.8465043727862
2051270001,2,2019-05-02T18:38:38Z,40.90359622077066,-73.84404227288407
2051270001,2,2019-05-02T18:19:46Z,40.90359622077066,-73.84404227288407
2051410120,41,2020-02-27T03:34:01Z,40.87078917574718,-73.82688307566895
2051410120,41,2020-01-20T08:13:47Z,40.878656698872945,-73.82406007433086
2051410120,41,2019-08-01T14:39:38Z,40.87847135847725,-73.83042858672671
2051410120,41,2019-04-02T01:29:10Z,40.87382632187288,-73.82606159363556
2051410120,41,2018-12-27T15:32:21Z,40.87646917836449,-73.8276999738471
2053940001,48,2019-04-21T09:30:18Z,40.84309027306932,-73.83292222916467
2053940001,48,2019-04-21T08:00:28Z,40.84309027306932,-73.83292222916467
2057050025,11,2019-11-29T02:35:44Z,40.88008022002633,-73.90509951645531
2057050025,11,2019-11-29T02:13:12Z,40.88008022002633,-73.90509951645531
2057220445,25,2019-12-08T23:42:19Z,40.87806964630899,-73.91748395589416
2057220445,25,2019-12-08T23:31:06Z,40.87806964630899,-73.91748395589416
2057240685,1,2020-01-21T17:18:12Z,40.87897482210788,-73.91668727693269
2057240685,1,2020-01-21T15:45:48Z,40.87897482210788,-73.91668727693269
2057240685,1,2020-01-21T15:28:48Z,40.87897482210788,-73.91668727693269
2057240685,1,2020-01-21T15:25:11Z,40.87897482210788,-73.91668727693269
2057830300,1,2019-08-01T05:53:52Z,40.882682581325916,-73.908997858203
2057830300,1,2019-08-01T05:27:09Z,40.882682581325916,-73.908997858203
2059070352,1,2019-07-22T03:02:01Z,40.88911371540867,-73.91298552272116
2059070352,1,2019-07-22T02:35:28Z,40.88911371540867,-73.91298552272116
3000710001,1,2019-04-02T03:48:24Z,40.69977545493598,-73.9827828559655
3001450033,1,2019-12-16T15:28:59Z,40.691255925384006,-73.98439692853736
3007417501,5,2019-04-04T00:19:15Z,40.64559211015934,-74.00207562243888
3007417501,5,2019-04-03T21:24:38Z,40.64559211015934,-74.00207562243888
3007417501,5,2019-04-03T21:15:09Z,40.64559211015934,-74.00207562243888
3007417501,5,2019-04-03T21:06:41Z,40.64559211015934,-74.00207562243888
3007417501,5,2019-04-03T20:58:04Z,40.64559211015934,-74.00207562243888
3007417501,5,2019-04-03T20:52:25Z,40.64559211015934,-74.00207562243888
3007600036,4,2019-07-04T01:00:45Z,40.641947052359995,-73.99927213050553
3007600036,4,2019-07-04T00:36:02Z,40.641947052359995,-73.99927213050553
3007840003,1,2019-02-28T15:06:43Z,40.64551210536586,-74.00988441933089
3011080061,7,2019-07-14T23:05:38Z,40.661398237950806,-73.98416962870665
3012030066,1,2019-06-29T17:07:10Z,40.67732164385085,-73.94353134711088
3012210001,7,2019-05-12T22:38:17Z,40.67502847598532,-73.94659762574597
3012330011,1,2020-01-21T03:20:53Z,40.67420503643768,-73.95286387544802
3012520085,3,2019-03-24T09:42:20Z,40.67123325139339,-73.95487750821735
3012520085,3,2019-03-24T09:18:10Z,40.67123325139339,-73.95487750821735
3012590005,8,2019-10-31T23:11:51Z,40.671489506911136,-73.9574800804674
3012590005,8,2019-10-31T22:29:26Z,40.671489506911136,-73.9574800804674
3012590005,8,2019-10-31T22:17:31Z,40.671489506911136,-73.9574800804674
3013020001,130,2019-11-19T17:02:40Z,40.664976712758815,-73.95903058778437
3013050001,29,2019-04-08T23:02:16Z,40.66454637274821,-73.95337173122131
3013050001,29,2019-04-08T22:43:38Z,40.66454637274821,-73.95337173122131
3013520080,1,2020-02-03T16:35:25Z,40.6745797620291,-73.9384685337293
3013520080,1,2020-02-03T16:28:41Z,40.6745797620291,-73.9384685337293
3013520080,1,2019-10-16T23:22:09Z,40.67277624785623,-73.93810248956807
3013630062,2,2019-10-15T19:26:43Z,40.672846786134805,-73.92308405712744
3013630062,2,2019-10-15T18:58:55Z,40.672846786134805,-73.92308405712744
3013720001,15,2019-06-13T01:56:46Z,40.6719667693175,-73.93359346444977
3013880027,36,2020-02-12T13:57:55Z,40.67010269088284,-73.93783460798147
3013880027,36,2020-02-12T13:39:48Z,40.67010269088284,-73.93783460798147
3013930053,2,2020-02-29T00:18:55Z,40.66841422652508,-73.92346766690771
3013930053,2,2020-02-28T23:38:02Z,40.66841422652508,-73.92346766690771
3013940075,2,2019-12-07T17:08:46Z,40.6682642452801,-73.93887088095296
3014250006,2,2019-11-23T01:42:53Z,40.66405512384244,-73.93155397933556
3014250006,2,2019-11-23T01:06:20Z,40.66405512384244,-73.93155397933556
3014260040,46,2019-08-01T23:20:13Z,40.66378701974794,-73.93795223325637
3014280032,8,2019-12-31T07:28:39Z,40.663147424214515,-73.9378374854632
3014630041,7,2020-01-07T22:07:16Z,40.6721590352723,-73.91689875938398
3014650050,22,2019-07-25T16:36:11Z,40.67137125787749,-73.91314703411085
3014650050,22,2019-07-25T16:16:38Z,40.67137125787749,-73.91314703411085
3015140018,7,2019-09-25T06:47:06Z,40.68165979122554,-73.91841924123314
3015620007,24,2020-01-27T01:11:01Z,40.677247487949586,-73.91639850322994
3015620007,24,2020-01-27T00:15:09Z,40.677247487949586,-73.91639850322994
3015980001,1,2020-02-06T15:12:38Z,40.69332032849809,-73.93709895439275
3015980001,1,2020-02-06T14:48:23Z,40.69332032849809,-73.93709895439275
3016120064,15,2019-10-25T21:59:19Z,40.69166076345657,-73.9293944937232
3016160001,1,2019-04-25T14:39:02Z,40.691255346391614,-73.93072552971455
3016160056,2,2019-01-01T01:22:15Z,40.69071212245045,-73.93112635463505
3016160056,2,2019-01-01T00:52:27Z,40.69071212245045,-73.93112635463505
3016840001,29,2019-11-20T19:04:47Z,40.67963123657403,-73.93544619373269
3016840001,29,2019-11-20T18:21:27Z,40.67963123657403,-73.93544619373269
3017130010,5,2019-08-27T09:13:18Z,40.67769173420929,-73.92371299276894
3017660021,2,2019-04-29T13:20:47Z,40.69367012754673,-73.95087035988013
3017660021,2,2019-04-29T13:08:55Z,40.69367012754673,-73.95087035988013
3018590035,1,2019-09-27T21:49:17Z,40.679755991531145,-73.93769581647123
3021860001,109,2019-05-13T19:07:52Z,40.703951117724436,-73.96313626812037
3021860001,109,2019-05-13T18:35:38Z,40.703951117724436,-73.96313626812037
3025140002,2,2019-10-29T05:57:20Z,40.73415596028896,-73.952291046272
3025140002,2,2019-10-29T05:43:35Z,40.73415596028896,-73.952291046272
3025490036,1,2019-06-03T05:13:10Z,40.73049696068027,-73.95877381893244
3025490036,1,2019-06-03T04:42:01Z,40.73049696068027,-73.95877381893244
3027840021,31,2019-09-01T03:23:44Z,40.712198056684414,-73.94081810891218
3028670001,1,2020-01-31T04:02:46Z,40.71886726988827,-73.9397443746267
3028670001,1,2020-01-31T03:54:42Z,40.71886726988827,-73.9397443746267
3030140014,1,2019-07-03T09:09:56Z,40.7048186308446,-73.92850412619288
3030240001,1,2019-03-10T13:44:05Z,40.70990357520462,-73.94672478636832
3030240001,1,2019-03-10T13:21:26Z,40.70990357520462,-73.94672478636832
3030430015,1,2019-10-13T23:03:08Z,40.708716575088715,-73.94406382490486
3030430015,1,2019-10-13T22:38:55Z,40.708716575088715,-73.94406382490486
3031520001,1,2019-05-20T02:01:19Z,40.70055392453719,-73.93421415603811
3033280049,38,2020-01-18T02:49:06Z,40.699530065167295,-73.91339165127636
3033280049,38,2020-01-18T02:26:58Z,40.699530065167295,-73.91339165127636
3033860055,1,2019-06-09T09:44:26Z,40.6975135583202,-73.90749072597846
3035370033,9,2020-01-13T20:37:44Z,40.66569135693241,-73.91555148806579
3035370033,9,2020-01-13T20:15:50Z,40.66569135693241,-73.91555148806579
3035740001,10,2019-06-28T09:27:36Z,40.66301100178215,-73.91001844011207
3035750011,5,2019-06-28T09:05:53Z,40.663052164983064,-73.9100075712161
3035980034,3,2019-08-13T02:52:03Z,40.66042453451384,-73.91242961091757
3035980034,3,2019-08-13T02:00:40Z,40.66042453451384,-73.91242961091757
3036750007,5,2019-04-27T04:11:04Z,40.673239019333074,-73.90778035167463
3036750007,5,2019-04-27T03:58:25Z,40.673239019333074,-73.90778035167463
3037270001,2,2019-05-20T10:53:51Z,40.66932765540658,-73.9043503894427
3037270001,2,2019-05-20T10:44:36Z,40.66932765540658,-73.9043503894427
3037580023,4,2019-06-23T08:39:08Z,40.670990816649834,-73.89176334776153
3037580023,4,2019-06-23T08:25:58Z,40.670990816649834,-73.89176334776153
3037600001,1,2019-12-05T08:17:18Z,40.66623810079262,-73.90564167227268
3037600001,1,2019-12-05T07:47:19Z,40.66623810079262,-73.90564167227268
3037910001,4,2019-03-23T11:08:53Z,40.66663527530237,-73.89221378757142
3037910001,4,2019-03-23T10:45:28Z,40.66663527530237,-73.89221378757142
3040090012,8,2019-04-05T01:30:55Z,40.67200845745142,-73.89105152288036
3040090012,8,2019-04-05T01:06:28Z,40.67200845745142,-73.89105152288036
3041200030,1,2019-03-24T18:49:26Z,40.686271310203274,-73.87079656460318
3041200030,1,2019-03-24T18:26:42Z,40.686271310203274,-73.87079656460318
3041650050,4,2019-03-13T11:04:12Z,40.6786808722425,-73.87223897028817
3043200020,4,2019-06-08T21:24:10Z,40.658615606514324,-73.8928358581557
3043820026,1,2019-03-28T17:21:29Z,40.660919433269974,-73.8773082549511
3043820026,1,2019-03-28T17:03:48Z,40.660919433269974,-73.8773082549511
3044520020,85,2019-07-20T21:09:51Z,40.646067276296066,-73.87978597325235
3044520085,59,2020-01-09T10:13:15Z,40.65129575245232,-73.88210822549763
3045980001,15,2019-12-16T10:39:39Z,40.6651942118076,-73.92709395575261
3046590009,4,2019-04-19T23:30:20Z,40.65555183629761,-73.92715495002959
3046590009,4,2019-04-19T23:04:02Z,40.65555183629761,-73.92715495002959
3046700001,5,2019-04-20T11:55:22Z,40.657227829875005,-73.91744716788068
3046700001,5,2019-04-20T11:21:52Z,40.657227829875005,-73.91744716788068
3046990042,6,2019-03-05T23:33:39Z,40.65018697646878,-73.92905998939874
3046990042,6,2019-03-05T23:08:29Z,40.65018697646878,-73.92905998939874
3048010037,14,2019-09-25T19:58:15Z,40.66025681583456,-73.94820255346015
3048010037,14,2019-09-25T19:03:37Z,40.66025681583456,-73.94820255346015
3048010037,14,2019-09-25T18:55:15Z,40.66025681583456,-73.94820255346015
3048380001,1,2019-05-24T16:04:49Z,40.654526639458126,-73.9443110844574
3048760042,4,2019-12-06T14:35:14Z,40.651244879985526,-73.94081812100767
3048760042,4,2019-12-06T14:15:10Z,40.651244879985526,-73.94081812100767
3049670040,68,2020-01-09T04:43:19Z,40.63991671444542,-73.94548350950366
3049670040,68,2020-01-09T04:43:00Z,40.63991671444542,-73.94548350950366
3050050026,26,2019-07-29T15:17:09Z,40.6354218803996,-73.94791557833476
3050620001,3,2020-02-14T21:03:48Z,40.652672712733256,-73.96149239538896
3050620001,3,2020-02-14T20:32:46Z,40.652672712733256,-73.96149239538896
3050650085,1,2019-05-07T17:07:48Z,40.65390789405297,-73.95409275098304
3050850075,125,2019-06-25T17:27:04Z,40.65259454046807,-73.95083213431944
3050850075,125,2019-06-25T17:06:16Z,40.65259454046807,-73.95083213431944
3050850083,24,2019-10-21T20:10:14Z,40.65257004133835,-73.95131146956386
3050880016,6,2020-02-03T20:39:51Z,40.652534502085174,-73.95165026085095
3050880016,6,2020-02-03T20:21:52Z,40.652534502085174,-73.95165026085095
3050970120,6,2019-02-25T13:25:16Z,40.64692851303219,-73.96342723146404
3051010054,8,2020-01-02T22:56:17Z,40.647627476189996,-73.96053314030704
3051730035,2,2019-12-14T03:52:23Z,40.64322860883486,-73.94915625544826
3051730035,2,2019-12-14T03:05:40Z,40.64322860883486,-73.94915625544826
3051930065,2,2019-11-12T19:36:19Z,40.64203016175187,-73.95152815279936
3051930065,2,2019-11-12T18:47:10Z,40.64203016175187,-73.95152815279936
3051950018,3,2019-12-02T10:17:08Z,40.64242417566047,-73.94868122743766
3051950018,3,2019-12-02T09:19:31Z,40.64242417566047,-73.94868122743766
3051990030,1,2019-11-07T02:18:53Z,40.63545009019272,-73.96429102758573
3051990030,1,2019-11-07T01:57:24Z,40.63545009019272,-73.96429102758573
3052070056,1,2020-02-20T08:10:22Z,40.63901887763546,-73.95785027702586
3052070056,1,2020-02-20T07:49:09Z,40.63901887763546,-73.95785027702586
3052200064,26,2019-04-01T14:07:36Z,40.63642244389535,-73.95821942468432
3052520033,2,2019-04-10T11:50:40Z,40.63570504758323,-73.94892779411617
3054007502,14,2020-01-30T16:40:09Z,40.63620978211838,-73.97197943325529
3055970073,5,2019-08-01T03:52:59Z,40.64071714391088,-73.99246560860381
3055970073,5,2019-08-01T03:04:02Z,40.64071714391088,-73.99246560860381
3056570048,4,2019-02-24T21:37:23Z,40.631349042981434,-73.99053919919491
3056570048,4,2019-02-24T20:53:46Z,40.631349042981434,-73.99053919919491
3056930011,3,2019-06-11T14:38:07Z,40.63685799311081,-74.0072421094704
3056930011,3,2019-06-11T14:02:01Z,40.63685799311081,-74.0072421094704
3057450001,3,2019-05-10T19:10:43Z,40.62907387235017,-74.00546517347107
3057450001,3,2019-05-10T18:47:51Z,40.62907387235017,-74.00546517347107
3057830008,3,2019-11-21T03:04:27Z,40.63937129536379,-74.01626473312574
3058710052,1,2019-09-18T21:51:40Z,40.635499324381534,-74.0261431229614
3058940001,2,2019-04-14T03:45:32Z,40.63126285253128,-74.01851807067868
3058940001,2,2019-04-14T02:50:15Z,40.63126285253128,-74.01851807067868
3060340076,17,2019-07-04T05:05:23Z,40.62326205845409,-74.03020533301675
3060870030,1,2019-07-25T15:54:24Z,40.61823641127491,-74.0299509164213
3060870030,1,2019-07-25T15:08:48Z,40.61823641127491,-74.0299509164213
3061000001,5,2019-07-10T21:00:22Z,40.618755249648025,-74.03887706048351
3061000001,5,2019-07-10T20:44:08Z,40.618755249648025,-74.03887706048351
3061000001,5,2019-07-10T20:28:51Z,40.618755249648025,-74.03887706048351
3061220022,3,2019-07-29T15:28:29Z,40.61600683229415,-74.03290348576192
3061220022,3,2019-07-29T15:02:42Z,40.61600683229415,-74.03290348576192
3065420070,18,2019-06-23T06:06:58Z,40.61862874770755,-73.96940774160967
3065420070,18,2019-06-23T05:43:23Z,40.61862874770755,-73.96940774160967
3065950005,8,2019-11-11T03:44:48Z,40.61003793998949,-73.98537753634382
3065950005,8,2019-11-11T03:16:52Z,40.61003793998949,-73.98537753634382
3066320006,1,2019-12-21T01:45:22Z,40.608743032615685,-73.97356842847883
3066320006,1,2019-12-21T01:07:57Z,40.608743032615685,-73.97356842847883
3067030078,2,2019-07-16T20:09:44Z,40.62873932300333,-73.95697773433442
3069640002,1,2020-02-15T04:38:46Z,40.579472790587616,-74.00041399353633
3069640002,1,2020-02-15T04:18:23Z,40.579472790587616,-74.00041399353633
3070220027,1,2019-09-12T23:26:23Z,40.578090882423126,-73.9828970207964
3072680001,10,2020-01-21T07:54:40Z,40.57906685744139,-73.97628371413792
3072730050,3,2019-03-26T17:30:56Z,40.57758108608567,-73.97254400588318
3072730050,3,2019-03-26T17:02:05Z,40.57758108608567,-73.97254400588318
3072740015,1,2019-06-18T10:11:13Z,40.579965604808535,-73.96969904889987
3072740015,1,2019-06-18T09:34:13Z,40.579965604808535,-73.96969904889987
3072820062,20,2019-03-05T07:08:17Z,40.57586732903243,-73.96863898194928
3072820062,20,2019-03-05T06:34:53Z,40.57586732903243,-73.96863898194928
3073210001,16,2019-10-24T16:06:52Z,40.601200345624534,-73.95575669560667
3073210001,16,2019-10-24T15:41:11Z,40.601200345624534,-73.95575669560667
3076180042,2,2020-02-05T06:57:34Z,40.62734067605141,-73.94109869976856
3076560061,13,2019-03-13T18:29:34Z,40.61723506084039,-73.95478433877003
3076560061,13,2019-03-13T18:06:32Z,40.61723506084039,-73.95478433877003
3078870013,1,2019-07-08T07:38:14Z,40.61552254322868,-73.93280677400652
3078870013,1,2019-07-08T07:27:09Z,40.61552254322868,-73.93280677400652
3080090029,12,2019-12-19T09:37:48Z,40.640467105817834,-73.90876608820594
3082100049,1,2019-05-17T01:34:46Z,40.64597284814375,-73.89551196885839
3082100049,1,2019-05-17T01:21:11Z,40.64597284814375,-73.89551196885839
3083290225,1,2019-10-31T16:13:46Z,40.6339858435911,-73.883547534067
3083290225,1,2019-10-31T15:08:11Z,40.6339858435911,-73.883547534067
3083290225,1,2019-10-24T19:35:36Z,40.63196150515678,-73.8876294114463
3086900083,11,2019-04-15T02:06:13Z,40.575727796024665,-73.96113718463543
3088060150,1,2019-10-16T03:08:46Z,40.587970534108656,-73.93327014506072
4001617501,3,2019-08-01T04:22:00Z,40.74335515887737,-73.92032131845077
4001617501,3,2019-08-01T04:14:20Z,40.74335515887737,-73.92032131845077
4005340023,1,2019-12-10T23:47:06Z,40.76812556468406,-73.93169251302248
4008810046,9,2020-01-03T20:54:41Z,40.782340458672365,-73.91138098674192
4012750035,1,2019-04-03T13:01:56Z,40.74908928874791,-73.89064034433927
4012800012,2,2020-02-10T05:38:06Z,40.75134328086408,-73.88555845104135
4012800012,2,2020-02-10T05:13:20Z,40.75134328086408,-73.88555845104135
4015120026,33,2019-07-29T08:14:58Z,40.746372441978004,-73.87746125315917
4015330036,4,2019-11-11T04:21:17Z,40.741409077427,-73.88460838408898
4015330036,4,2019-11-11T04:06:59Z,40.741409077427,-73.88460838408898
4015530001,8,2019-02-26T01:43:00Z,40.74733198103118,-73.87640926401075
4015530001,8,2019-02-26T01:25:26Z,40.74733198103118,-73.87640926401075
4017330046,4,2019-08-01T19:31:06Z,40.75501468445358,-73.86908951454923
4019180045,8,2019-07-30T01:48:19Z,40.736848009689915,-73.86506209170804
4019180067,5,2019-05-15T23:11:54Z,40.73745221381616,-73.86304011731356
4019180085,37,2020-01-21T07:43:00Z,40.735656138044284,-73.85992255485795
4019180085,37,2020-01-21T07:34:41Z,40.735656138044284,-73.85992255485795
4021030001,4,2019-03-05T12:40:26Z,40.72861975759299,-73.85642314814665
4021030001,4,2019-03-05T12:02:11Z,40.72861975759299,-73.85642314814665
4024740022,1,2019-10-16T17:45:08Z,40.736867013170645,-73.882393444491
4029740060,30,2019-12-14T01:54:57Z,40.725004675973835,-73.87255062944034
4029740060,30,2019-12-14T01:10:26Z,40.725004675973835,-73.87255062944034
4029740085,21,2019-06-20T17:11:10Z,40.72549026016391,-73.86988351045284
4031550027,7,2019-06-03T23:58:28Z,40.72388962794533,-73.85569735780408
4031550027,7,2019-06-03T23:28:56Z,40.72388962794533,-73.85569735780408
4033587501,2,2020-01-13T20:25:55Z,40.712357456509416,-73.82863641111192
4033587501,2,2020-01-13T19:56:16Z,40.712357456509416,-73.82863641111192
4034690053,1,2019-05-27T11:14:16Z,40.703997662346296,-73.90529969242257
4034690053,1,2019-05-27T09:14:41Z,40.703997662346296,-73.90529969242257
4037040025,11,2019-08-01T20:32:10Z,40.701711561706176,-73.88186398912286
4050227502,2,2019-09-24T23:44:12Z,40.7614167917137,-73.822882537031
4050377507,2,2019-11-22T12:26:15Z,40.757854222733144,-73.8302519671535
4067900001,4,2019-12-16T03:15:47Z,40.7352232379592,-73.81057907507194
4067930225,5,2019-05-07T01:16:59Z,40.72795514102717,-73.81227383406969
4071150002,2,2019-04-03T18:32:26Z,40.73790347970399,-73.7862645106532
4071150002,2,2019-04-03T18:29:10Z,40.73790347970399,-73.7862645106532
4097270041,5,2018-12-29T01:21:59Z,40.709245172951135,-73.80468698297706
4097580035,30,2019-12-11T21:26:28Z,40.70609403686981,-73.79981262069354
4097710014,1,2019-07-26T20:29:09Z,40.709215964743926,-73.80045971168465
4097710014,1,2019-07-26T20:09:54Z,40.709215964743926,-73.80045971168465
4098080012,25,2019-06-27T18:15:51Z,40.7083073116392,-73.78809793936425
4098360001,23,2019-02-23T23:03:12Z,40.70948338616872,-73.79798813357753
4102010036,2,2019-09-20T00:36:25Z,40.691111507574604,-73.78672461989734
4102620011,62,2019-11-19T05:53:22Z,40.697150723011625,-73.7841592468189
4103990061,2,2019-07-26T19:53:23Z,40.69476109301195,-73.76643178707987
4103990061,2,2019-07-26T19:41:12Z,40.69476109301195,-73.76643178707987
4119500376,1,2019-04-17T05:59:49Z,40.68980136322118,-73.79841556646646
4119500376,1,2019-04-17T05:49:50Z,40.68980136322118,-73.79841556646646
4159260001,64,2019-04-11T04:10:58Z,40.591331751724624,-73.7861719586252
4159260001,64,2019-04-11T04:09:11Z,40.591331751724624,-73.7861719586252
4160150032,1,2019-12-05T00:28:13Z,40.593895830365376,-73.79239301381565
4162260062,11,2019-04-03T17:32:25Z,40.57869104467351,-73.83761554298714
4162260062,11,2019-04-03T17:21:11Z,40.57869104467351,-73.83761554298714
5000200008,31,2019-02-26T05:32:27Z,40.64263585095212,-74.07966290650745
5000200008,31,2019-02-26T04:48:42Z,40.64263585095212,-74.07966290650745
5004990025,1,2019-11-15T02:17:37Z,40.63635742987702,-74.07724139212611
5004990025,1,2019-11-15T01:21:25Z,40.63635742987702,-74.07724139212611
5005900001,23,2018-12-29T18:04:55Z,40.62552621086573,-74.09249235091293
5005900001,23,2018-12-29T17:56:57Z,40.62552621086573,-74.09249235091293
5005930001,8,2019-06-28T13:11:08Z,40.62415794616219,-74.09416555034227
5005930001,8,2019-06-28T12:55:09Z,40.62415794616219,-74.09416555034227
5012270049,1,2019-10-22T23:16:20Z,40.636535305547504,-74.1601796432358
5012270049,1,2019-10-22T22:50:17Z,40.636535305547504,-74.1601796432358
5012720011,41,2020-02-20T02:24:43Z,40.639752701144104,-74.1712600071286
5029220150,50,2019-11-18T19:09:05Z,40.61384645852344,-74.0825388036525
5029220150,50,2019-11-18T19:00:34Z,40.61384645852344,-74.0825388036525
5040020001,1,2020-01-26T23:44:47Z,40.56236213347208,-74.1146144798054
5040020001,1,2020-01-26T23:34:30Z,40.56236213347208,-74.1146144798054
